event_type,measurement,value,unit,window_start,window_end
cloudy_day_generation_drop,target_mean_pv_power_w,1685.9,W,2026-08-05T09:00:00+01:00,2026-08-05T15:55:00+01:00
cloudy_day_generation_drop,baseline_mean_pv_power_w,4327.9,W,2026-08-05T09:00:00+01:00,2026-08-05T15:55:00+01:00
cloudy_day_generation_drop,pv_drop_pct_vs_surrounding_days,61.0,%,2026-08-05T09:00:00+01:00,2026-08-05T15:55:00+01:00
cloudy_day_generation_drop,target_mean_irradiance_wm2,272.5,W/m2,2026-08-05T09:00:00+01:00,2026-08-05T15:55:00+01:00
cloudy_day_generation_drop,baseline_mean_irradiance_wm2,719.4,W/m2,2026-08-05T09:00:00+01:00,2026-08-05T15:55:00+01:00
cloudy_day_generation_drop,irradiance_drop_pct_vs_surrounding_days,62.1,%,2026-08-05T09:00:00+01:00,2026-08-05T15:55:00+01:00
cloudy_day_generation_drop,max_inverter_temp_c,41.8,degC,2026-08-05T09:00:00+01:00,2026-08-05T15:55:00+01:00
customer_overload,peak_load_w,6403.9,W,2026-08-08T19:25:00+01:00,2026-08-08T20:05:00+01:00
customer_overload,inverter_rating_w,5000,W,2026-08-08T19:25:00+01:00,2026-08-08T20:05:00+01:00
customer_overload,duration_above_rating_min,40.0,min,2026-08-08T19:25:00+01:00,2026-08-08T20:05:00+01:00
customer_overload,peak_battery_discharge_w,4000.0,W,2026-08-08T19:25:00+01:00,2026-08-08T20:05:00+01:00
customer_overload,max_inverter_temp_c,44.8,degC,2026-08-08T19:25:00+01:00,2026-08-08T20:05:00+01:00
customer_overload,alarm_code,"""OVERLOAD_02""",categorical,2026-08-08T19:25:00+01:00,2026-08-08T20:05:00+01:00
gradual_efficiency_decline,early_period_median_performance_ratio,0.965,ratio,2026-08-01T00:00:00+01:00,2026-11-28T00:00:00+01:00
gradual_efficiency_decline,late_period_median_performance_ratio,0.8878,ratio,2026-08-01T00:00:00+01:00,2026-11-28T00:00:00+01:00
gradual_efficiency_decline,normalized_performance_decline_pct,8.0,%,2026-08-01T00:00:00+01:00,2026-11-28T00:00:00+01:00
gradual_efficiency_decline,daily_trend_slope,-0.0007942,ratio/day,2026-08-01T00:00:00+01:00,2026-11-28T00:00:00+01:00
gradual_efficiency_decline,valid_days,120,days,2026-08-01T00:00:00+01:00,2026-11-28T00:00:00+01:00
battery_degradation_signature,early_estimated_usable_capacity_wh,9000.0,Wh,2026-08-19T00:00:00+01:00,2026-11-28T23:55:00+01:00
battery_degradation_signature,late_estimated_usable_capacity_wh,8490.7,Wh,2026-08-19T00:00:00+01:00,2026-11-28T23:55:00+01:00
battery_degradation_signature,estimated_capacity_decline_pct,5.66,%,2026-08-19T00:00:00+01:00,2026-11-28T23:55:00+01:00
battery_degradation_signature,days_with_capacity_estimates,120,days,2026-08-19T00:00:00+01:00,2026-11-28T23:55:00+01:00
battery_degradation_signature,valid_transition_estimates,10437,transitions,2026-08-19T00:00:00+01:00,2026-11-28T23:55:00+01:00
sensor_dropout,rows_with_missing_telemetry,9,rows,2026-09-18T12:00:00+01:00,2026-09-18T12:45:00+01:00
sensor_dropout,missing_cells,135,cells,2026-09-18T12:00:00+01:00,2026-09-18T12:45:00+01:00
sensor_dropout,affected_fields,"[""battery_charge_w"", ""battery_discharge_w"", ""battery_soc_pct"", ""battery_stored_energy_wh"", ""battery_temp_c"", ""cloud_cover_pct"", ""grid_export_w"", ""grid_import_w"", ""inverter_dc_current_a"", ""inverter_dc_voltage_v"", ""inverter_efficiency"", ""inverter_temp_c"", ""irradiance_wm2"", ""pv_ac_power_w"", ""pv_dc_power_w""]",fields,2026-09-18T12:00:00+01:00,2026-09-18T12:45:00+01:00
sensor_dropout,gap_start,"""2026-09-18T12:00:00+01:00""",timestamp,2026-09-18T12:00:00+01:00,2026-09-18T12:45:00+01:00
sensor_dropout,gap_end,"""2026-09-18T12:45:00+01:00""",timestamp,2026-09-18T12:00:00+01:00,2026-09-18T12:45:00+01:00
sensor_dropout,gap_duration_minutes,45.0,minutes,2026-09-18T12:00:00+01:00,2026-09-18T12:45:00+01:00
sensor_dropout,contiguous_gap_count,1,gaps,2026-09-18T12:00:00+01:00,2026-09-18T12:45:00+01:00
grid_outage_islanding,outage_start,"""2026-10-10T21:35:00+01:00""",timestamp,2026-10-10T21:35:00+01:00,2026-10-10T22:35:00+01:00
grid_outage_islanding,outage_end,"""2026-10-10T22:35:00+01:00""",timestamp,2026-10-10T21:35:00+01:00,2026-10-10T22:35:00+01:00
grid_outage_islanding,outage_duration_minutes,60.0,min,2026-10-10T21:35:00+01:00,2026-10-10T22:35:00+01:00
grid_outage_islanding,mean_pre_event_grid_import_w,66.6,W,2026-10-10T21:35:00+01:00,2026-10-10T22:35:00+01:00
grid_outage_islanding,mean_outage_grid_import_w,0.0,W,2026-10-10T21:35:00+01:00,2026-10-10T22:35:00+01:00
grid_outage_islanding,mean_pre_event_battery_discharge_w,1355.7,W,2026-10-10T21:35:00+01:00,2026-10-10T22:35:00+01:00
grid_outage_islanding,mean_outage_battery_discharge_w,1163.6,W,2026-10-10T21:35:00+01:00,2026-10-10T22:35:00+01:00
grid_outage_islanding,immediate_battery_discharge_increase_w,377.1,W,2026-10-10T21:35:00+01:00,2026-10-10T22:35:00+01:00
grid_outage_islanding,immediate_grid_import_drop_w,399.3,W,2026-10-10T21:35:00+01:00,2026-10-10T22:35:00+01:00
grid_outage_islanding,battery_soc_drop_pct,12.76,%,2026-10-10T21:35:00+01:00,2026-10-10T22:35:00+01:00
grid_outage_islanding,islanded_state_fraction,1.0,fraction,2026-10-10T21:35:00+01:00,2026-10-10T22:35:00+01:00
grid_outage_islanding,max_local_power_balance_residual_w,0.0,W,2026-10-10T21:35:00+01:00,2026-10-10T22:35:00+01:00
grid_outage_islanding,max_unmet_load_w,0.0,W,2026-10-10T21:35:00+01:00,2026-10-10T22:35:00+01:00
grid_outage_islanding,unmet_load_energy_wh,0.0,Wh,2026-10-10T21:35:00+01:00,2026-10-10T22:35:00+01:00
grid_outage_islanding,requested_load_served_fraction,1.0,fraction,2026-10-10T21:35:00+01:00,2026-10-10T22:35:00+01:00
grid_outage_islanding,grid_restored_after_event,true,boolean,2026-10-10T21:35:00+01:00,2026-10-10T22:35:00+01:00
